測站名稱,縣市,AQI,狀態,主要污染物,PM2.5,PM10,SO2,NO2,CO,O3,風速,風向,緯度,經度,距離台北車站(公里),更新時間
基隆,基隆市,97,普通,懸浮微粒,30,76,1.1,23,0.25,22,0.3,31,25.129167,121.760056,26.1,2026/02/24 18:00:00
汐止,新北市,64,普通,細懸浮微粒,16,31,1.1,20,0.4,20,0.6,73,25.06624,121.64081,12.64,2026/02/24 18:00:00
新店,新北市,67,普通,細懸浮微粒,20,42,1.8,27,0.45,18,1.1,295,24.977222,121.537778,8.12,2026/02/24 18:00:00
土城,新北市,74,普通,細懸浮微粒,20,53,0.9,32,0.56,5,0.3,145,24.982528,121.451861,9.79,2026/02/24 18:00:00
板橋,新北市,83,普通,細懸浮微粒,20,50,1.7,30,0.6,13,1.4,356,25.012972,121.458667,7.04,2026/02/24 18:00:00
新莊,新北市,80,普通,懸浮微粒,21,52,0.7,23,0.35,17,2.2,25,25.037972,121.4325,8.58,2026/02/24 18:00:00
菜寮,新北市,78,普通,懸浮微粒,17,51,0.4,22,0.41,19,1.5,294,25.06895,121.481028,4.32,2026/02/24 18:00:00
林口,新北市,73,普通,細懸浮微粒,14,46,1.6,8,0.21,23,1.5,353,25.07798949,121.36548982,15.63,2026/02/24 18:00:00
淡水,新北市,106,對敏感族群不健康,懸浮微粒,21,68,0.5,11,0.23,23,,,25.1645,121.449239,14.66,2026/02/24 18:00:00
士林,臺北市,70,普通,懸浮微粒,16,38,0.5,16,0.31,24,1.3,314,25.10334003,121.51666356,6.18,2026/02/24 18:00:00
中山,臺北市,71,普通,細懸浮微粒,16,43,1,27,0.67,15,0.8,290,25.062361,121.526528,1.88,2026/02/24 18:00:00
萬華,臺北市,64,普通,細懸浮微粒,11,39,1.5,29,0.61,13,1.5,309,25.046503,121.507972,0.92,2026/02/24 18:00:00
古亭,臺北市,62,普通,細懸浮微粒,14,40,1.5,23,0.41,20,1.1,352,25.020608,121.529556,3.28,2026/02/24 18:00:00
松山,臺北市,72,普通,細懸浮微粒,19,31,2.1,17,0.35,24,0.9,302,25.05,121.578611,6.21,2026/02/24 18:00:00
大同,臺北市,68,普通,細懸浮微粒,21,37,0.9,33,1.33,11,-,-,25.06331455,121.51342074,1.76,2026/02/24 18:00:00
桃園,桃園市,91,普通,懸浮微粒,24,58,1.2,34,0.41,11,2.1,338,24.9947107,121.30500531,22.16,2026/02/24 18:00:00
大園,桃園市,105,對敏感族群不健康,懸浮微粒,23,70,1.3,14,0.34,32,2.8,357,25.06100357,121.20251473,31.71,2026/02/24 18:00:00
觀音,桃園市,93,普通,懸浮微粒,26,48,0.8,13,0.27,30,1.4,36,25.03556747,121.08283092,43.76,2026/02/24 18:00:00
平鎮,桃園市,98,普通,懸浮微粒,27,71,0.2,24,0.44,16,0.9,41,24.952786,121.203986,33.27,2026/02/24 18:00:00
龍潭,桃園市,75,普通,細懸浮微粒,20,48,1.3,17,0.34,18,1.7,358,24.86400048,121.21645772,36.55,2026/02/24 18:00:00
湖口,新竹縣,88,普通,懸浮微粒,18,56,0.2,8,0.21,34,1.7,4,24.90009696,121.03886894,50.92,2026/02/24 18:00:00
竹東,新竹縣,69,普通,細懸浮微粒,21,41,0.9,15,0.33,16,1.2,77,24.74091408,121.08895493,55.03,2026/02/24 18:00:00
新竹,新竹市,78,普通,懸浮微粒,17,42,0.2,16,0.33,29,0.4,346,24.8056356,120.97236752,61.17,2026/02/24 18:00:00
頭份,苗栗縣,102,對敏感族群不健康,懸浮微粒,18,63,1.3,13,0.33,25,1.3,333,24.69690679,120.89869286,73.57,2026/02/24 18:00:00
苗栗,苗栗縣,87,普通,懸浮微粒,25,58,1,16,0.37,24,1.4,10,24.56499183,120.82011468,88.49,2026/02/24 18:00:00
三義,苗栗縣,58,普通,細懸浮微粒,18,43,1.3,5,0.21,34,1.5,16,24.38248443,120.75956754,106.43,2026/02/24 18:00:00
豐原,臺中市,71,普通,懸浮微粒,21,52,1.2,9,0.26,32,1,347,24.25699731,120.74252414,117.72,2026/02/24 18:00:00
沙鹿,臺中市,83,普通,懸浮微粒,20,43,0.6,11,0.26,27,2.5,27,24.225628,120.568794,132.45,2026/02/24 18:00:00
大里,臺中市,80,普通,懸浮微粒,19,58,0.9,17,0.43,20,0.9,28,24.09961111,120.67844444,135.3,2026/02/24 18:00:00
忠明,臺中市,72,普通,細懸浮微粒,22,50,1.1,15,0.34,25,1.3,0,24.151958,120.641092,133.28,2026/02/24 18:00:00
西屯,臺中市,73,普通,懸浮微粒,16,44,0.6,8,0.22,33,2.2,6,24.162197,120.616917,134.08,2026/02/24 18:00:00
彰化,彰化縣,81,普通,細懸浮微粒,25,47,0.2,18,0.45,23,1.9,20,24.066,120.541519,147.14,2026/02/24 18:00:00
線西,彰化縣,114,對敏感族群不健康,細懸浮微粒,27,53,1.3,16,0.25,23,2.3,19,24.131672,120.469061,146.98,2026/02/24 18:00:00
二林,彰化縣,105,對敏感族群不健康,懸浮微粒,22,77,2.6,13,0.46,27,1.8,4,23.925175,120.409653,167.75,2026/02/24 18:00:00
南投,南投縣,79,普通,懸浮微粒,20,56,0.4,16,0.33,27,1.2,309,23.913,120.685306,151.68,2026/02/24 18:00:00
斗六,雲林縣,90,普通,細懸浮微粒,26,66,1.3,12,0.27,32,1.3,4,23.711853,120.544994,178.21,2026/02/24 18:00:00
崙背,雲林縣,101,對敏感族群不健康,懸浮微粒,30,81,1.5,8,0.36,29,1.1,323,23.757547,120.348742,185.95,2026/02/24 18:00:00
新港,嘉義縣,106,對敏感族群不健康,懸浮微粒,29,84,1.1,8,0.28,32,1.6,346,23.554839,120.345531,204.09,2026/02/24 18:00:00
朴子,嘉義縣,101,對敏感族群不健康,懸浮微粒,34,101,1.5,9,0.24,35,1.1,64,23.46538,120.2478,217.98,2026/02/24 18:00:00
臺西,雲林縣,91,普通,懸浮微粒,18,50,1.4,7,0.2,34,2.7,19,23.702175,120.19933333,200.49,2026/02/24 18:00:00
嘉義,嘉義市,102,對敏感族群不健康,懸浮微粒,23,76,2,11,0.37,31,2.3,358,23.46477865,120.44125148,207.07,2026/02/24 18:00:00
新營,臺南市,101,對敏感族群不健康,懸浮微粒,24,79,1.8,9,0.25,38,1.4,11,23.305633,120.31725,228.77,2026/02/24 18:00:00
善化,臺南市,98,普通,懸浮微粒,25,60,1.3,6,0.24,52,2.7,12,23.11337642,120.29740529,248.18,2026/02/24 18:00:00
安南,臺南市,111,對敏感族群不健康,細懸浮微粒,30,67,0.9,5,0.31,54,1.8,352,23.048197,120.2175,258.55,2026/02/24 18:00:00
臺南,臺南市,106,對敏感族群不健康,細懸浮微粒,26,70,1.7,9,0.31,54,2.2,10,22.98928311,120.21947897,264.12,2026/02/24 18:00:00
美濃,高雄市,97,普通,懸浮微粒,27,66,1.3,8,0.31,61,1.6,309,22.883583,120.530542,260.69,2026/02/24 18:00:00
橋頭,高雄市,93,普通,細懸浮微粒,22,49,1.2,9,0.27,42,1.2,319,22.757506,120.305689,282.87,2026/02/24 18:00:00
仁武,高雄市,95,普通,細懸浮微粒,24,56,0.8,11,0.33,46,1.6,305,22.689056,120.332631,288.6,2026/02/24 18:00:00
鳳山,高雄市,84,普通,細懸浮微粒,27,50,0.9,18,0.77,37,1,278,22.628126,120.357422,293.76,2026/02/24 18:00:00
大寮,高雄市,77,普通,細懸浮微粒,33,63,1.9,15,0.36,32,1.5,314,22.56413611,120.425311,297.66,2026/02/24 18:00:00
林園,高雄市,73,普通,懸浮微粒,11,34,0.2,3,0.16,32,2,291,22.4795,120.41175,306.93,2026/02/24 18:00:00
楠梓,高雄市,101,對敏感族群不健康,懸浮微粒,20,55,0.9,7,0.27,46,1.4,314,22.733667,120.328289,284.28,2026/02/24 18:00:00
左營,高雄市,94,普通,懸浮微粒,20,54,1.2,5,0.26,53,2,295,22.674861,120.292917,291.74,2026/02/24 18:00:00
前金,高雄市,89,普通,懸浮微粒,21,69,0.8,8,0.28,56,3.4,353,22.63390278,120.28676111,296.14,2026/02/24 18:00:00
前鎮,高雄市,84,普通,懸浮微粒,23,52,0.8,13,0.43,43,1.9,355,22.6044507,120.30833356,298.2,2026/02/24 18:00:00
小港,高雄市,86,普通,懸浮微粒,13,54,0.7,13,0.25,41,2.4,295,22.565833,120.337736,300.92,2026/02/24 18:00:00
屏東,屏東縣,89,普通,細懸浮微粒,18,54,1.6,9,0.28,45,1.6,289,22.673081,120.488033,284.03,2026/02/24 18:00:00
潮州,屏東縣,74,普通,懸浮微粒,7,38,0.5,4,0.17,28,1.7,349,22.523108,120.561175,297.1,2026/02/24 18:00:00
恆春,屏東縣,31,良好,,5,21,1,0,0.1,32,2.5,49,21.958069,120.788928,351.49,2026/02/24 18:00:00
臺東,臺東縣,33,良好,,9,19,0.9,4,0.26,31,0.4,93,22.755358,121.15045,257.62,2026/02/24 18:00:00
花蓮,花蓮縣,42,良好,,9,33,0.4,3,0.2,32,1.1,193,23.971306,121.599769,119.99,2026/02/24 18:00:00
陽明,臺北市,48,良好,,10,32,1.6,1,0.17,31,,,25.182722,121.529583,15.06,2026/02/24 18:00:00
宜蘭,宜蘭縣,38,良好,,9,25,0.5,9,0.28,27,0.9,354,24.747917,121.746394,40.59,2026/02/24 18:00:00
冬山,宜蘭縣,50,良好,,13,39,0.3,11,0.25,26,1.8,48,24.632203,121.792928,53.95,2026/02/24 18:00:00
三重,新北市,80,普通,細懸浮微粒,18,48,0.8,37,0.84,8,-,-,25.072611,121.493806,3.62,2026/02/24 18:00:00
中壢,桃園市,97,普通,懸浮微粒,32,68,1.3,36,0.96,7,0.2,340,24.953278,121.221667,31.56,2026/02/24 18:00:00
竹山,南投縣,82,普通,懸浮微粒,20,58,1.5,15,0.25,29,1.4,8,23.756389,120.677306,166.88,2026/02/24 18:00:00
永和,新北市,71,普通,細懸浮微粒,21,50,1.3,37,1.45,5,0.5,3,25.017,121.516306,3.43,2026/02/24 18:00:00
復興,高雄市,83,普通,懸浮微粒,24,55,0.5,9,0.38,48,1.6,279,22.608711,120.312017,297.62,2026/02/24 18:00:00
埔里,南投縣,71,普通,細懸浮微粒,18,42,1.5,4,0.27,36,1.4,285,23.968842,120.967903,132.21,2026/02/24 18:00:00
馬祖,連江縣,110,對敏感族群不健康,細懸浮微粒,31,45,0.7,10,0.39,26,0.3,92,26.153736,119.952724,199.32,2026/02/24 18:00:00
金門,金門縣,93,普通,細懸浮微粒,29,32,0.8,,0.41,17,0.3,157,24.432133,118.312256,330.8,2026/02/24 18:00:00
馬公,澎湖縣,81,普通,懸浮微粒,24,61,0.9,3,0.22,44,2.9,26,23.569031,119.566158,257.13,2026/02/24 18:00:00
關山,臺東縣,31,良好,,11,,,,,,2.3,235,23.045083,121.161933,225.59,2026/02/24 18:00:00
麥寮,雲林縣,96,普通,懸浮微粒,22,56,0.7,,0.21,33,2.4,359,23.753506,120.251825,192.68,2026/02/24 18:00:00
富貴角,新北市,105,對敏感族群不健康,懸浮微粒,24,60,0.7,5,0.16,42,1.9,307,25.29681695,121.53656894,27.76,2026/02/24 18:00:00
大城,彰化縣,91,普通,細懸浮微粒,20,50,0.8,4,0.15,39,2.7,30,23.85493056,120.26964167,183.12,2026/02/24 18:00:00
臺灣大道,臺中市,81,普通,細懸浮微粒,23,61,0.6,24,0.86,19,0.7,343,24.1589,120.6567111,131.66,2026/02/24 18:00:00
員林,彰化縣,84,普通,細懸浮微粒,23,54,1.1,12,0.26,29,1.4,274,23.9615945,120.5631893,154.6,2026/02/24 18:00:00
林森,臺南市,107,對敏感族群不健康,細懸浮微粒,26,73,0.8,16,0.67,48,1.3,108,22.98522502,120.22216042,264.37,2026/02/24 18:00:00
南投（鹿谷）,南投縣,74,普通,懸浮微粒,20,55,1.3,10,0.26,35,0.3,112,23.71867609,120.7944772,164.91,2026/02/24 18:00:00
屏東（琉球）,屏東縣,63,普通,懸浮微粒,4,22,0.6,1,0.14,30,1.2,200,22.35222,120.37722,321.41,2026/02/24 18:00:00
新北（樹林）,新北市,78,普通,細懸浮微粒,21,42,0.9,29,0.52,13,0.4,100,24.94902778,121.38352778,17.37,2026/02/24 18:00:00
屏東（枋山）,屏東縣,57,普通,懸浮微粒,6,59,0.1,2,0.12,34,2.8,100,22.260899,120.651472,322.18,2026/02/24 18:00:00
嘉義（東區）,嘉義市,99,普通,懸浮微粒,26,-,1.9,14,0.28,33,0.7,333,23.51301,120.44452,202.34,2026/02/24 18:00:00
